EventTime	Origin	Destination
2020.6737899999998	South Africa	Mozambique
2020.7019	South Africa	Mozambique
2020.7042999999999	South Africa	Mozambique
2020.7669999999998	South Africa	Angola
2020.7862599999999	South Africa	Angola
2020.7866299999998	South Africa	Angola
2020.79172	South Africa	Angola
2020.79993	Qatar	South Africa
2020.80885	South Africa	Bangladesh
2020.81127	South Africa	Angola
2020.8272499999998	South Africa	Angola
2020.8272499999998	South Africa	Angola
2020.82953	South Africa	USA
2020.83357	Mozambique	South Africa
2020.84091	South Africa	Angola
2020.84091	Angola	South Africa
2020.8409399999998	South Africa	Angola
2020.84365	Angola	South Africa
2020.84397	Angola	South Africa
2020.84945	South Africa	USA
2020.86194	Angola	Zimbabwe
2020.86196	South Africa	Botswana
2020.86727	South Africa	Zimbabwe
2020.8723499999999	South Africa	Philippines
2020.88121	South Africa	Sweden
2020.8886699999998	South Africa	Botswana
2020.89282	Angola	South Africa
2020.90322	South Africa	Zimbabwe
2020.90363	South Africa	Zimbabwe
2020.9064799999999	Angola	South Africa
2020.9081999999999	South Africa	Zambia
2020.9084	Zimbabwe	South Africa
2020.91302	South Africa	Turkey
2020.91318	Zimbabwe	South Africa
2020.9143199999999	South Africa	Malawi
2020.92015	Zimbabwe	South Africa
2020.9208899999999	South Africa	Angola
2020.9229599999999	South Africa	Zimbabwe
2020.93615	South Africa	Malawi
2020.93652	South Africa	Malawi
2020.93754	South Africa	Malawi
2020.9394599999998	Zimbabwe	South Africa
2020.9402699999998	South Africa	France
2020.9449	South Africa	Botswana
2020.9452099999999	South Africa	Botswana
2020.9468299999999	South Africa	Malawi
2020.9475	South Africa	Mozambique
2020.94835	South Africa	Israel
2020.94939	South Africa	Angola
2020.94965	South Africa	Zimbabwe
2020.95021	South Africa	Eswatini
2020.95328	South Africa	Mozambique
2020.95428	South Africa	USA
2020.95532	South Africa	Malawi
2020.95561	South Africa	Eswatini
2020.95568	South Africa	Eswatini
2020.95614	South Africa	France
2020.95888	South Africa	Mozambique
2020.95933	Malawi	South Africa
2020.9605999999999	South Africa	Malawi
2020.9611599999998	Malawi	South Africa
2020.96123	Mozambique	South Africa
2020.9642999999999	South Africa	France
2020.96505	South Africa	Zimbabwe
2020.96561	South Africa	Turkey
2020.96687	South Africa	Switzerland
2020.96714	South Africa	Malawi
2020.96743	Malawi	South Africa
2020.96896	South Africa	Zimbabwe
2020.97064	South Africa	Zimbabwe
2020.9715899999999	South Africa	Sweden
2020.9720499999999	Zimbabwe	South Africa
2020.97479	South Africa	Angola
2020.97505	South Africa	Kenya
2020.97751	South Africa	Angola
2020.9776	South Africa	Zambia
2020.97975	Zimbabwe	United Kingdom
2020.9801599999998	Malawi	South Africa
2020.98045	South Africa	Malawi
2020.98129	Malawi	South Africa
2020.98266	South Africa	Poland
2020.98289	South Africa	France
2020.9834099999998	South Africa	Finland
2020.98526	South Africa	Malawi
2020.98572	South Africa	Mauritius
2020.98626	South Africa	Kenya
2020.9862899999998	South Africa	Japan
2020.98734	Zambia	Zimbabwe
2020.98839	South Africa	Mozambique
2020.98892	South Africa	Zimbabwe
2020.9894199999999	Zimbabwe	South Africa
2020.98954	South Africa	Mozambique
2020.9904299999998	France	India
2020.99119	South Africa	Angola
2020.9912399999998	South Africa	Finland
2020.99264	South Africa	Germany
2020.9931299999998	South Africa	Turkey
2020.99382	South Africa	Germany
2020.99392	South Africa	Angola
2020.99496	South Africa	Switzerland
2020.99594	South Africa	Mozambique
2020.99604	South Africa	Austria
2020.9965399999999	South Africa	United Kingdom
2020.99658	South Africa	United Kingdom
2020.9966399999998	South Africa	Angola
2020.9966399999998	South Africa	Angola
2020.9966399999998	South Africa	United Kingdom
2020.9966499999998	South Africa	Angola
2020.99738	South Africa	Germany
2020.9978999999998	Zambia	Sweden
2020.99796	South Africa	Zimbabwe
2020.99806	South Africa	Zimbabwe
2020.99858	France	Germany
2020.99873	South Africa	Belgium
2020.99896	South Africa	Mozambique
2020.9992	Malawi	South Africa
2020.99937	South Africa	Zimbabwe
2020.99938	South Africa	United Kingdom
2020.99938	South Africa	Zimbabwe
2020.99938	South Africa	Angola
2020.9997799999999	South Africa	Zimbabwe
2021.00062	Zimbabwe	Malaysia
2021.00143	South Africa	Malawi
2021.00201	South Africa	Zimbabwe
2021.0021199999999	South Africa	United Kingdom
2021.0021299999999	South Africa	United Kingdom
2021.00463	South Africa	Germany
2021.0052899999998	Zambia	United Kingdom
2021.00596	South Africa	France
2021.0065399999999	South Africa	USA
2021.00702	India	France
2021.00733	South Africa	France
2021.0074399999999	Zimbabwe	South Africa
2021.00755	South Africa	Zimbabwe
2021.00756	France	Germany
2021.00757	South Africa	Eswatini
2021.00758	South Africa	Switzerland
2021.00758	Zimbabwe	South Africa
2021.00759	Zambia	United Kingdom
2021.00956	Zimbabwe	United Kingdom
2021.01022	South Africa	Spain
2021.01029	South Africa	Switzerland
2021.0103199999999	South Africa	United Kingdom
2021.01058	South Africa	Botswana
2021.01161	South Africa	Canada
2021.0118499999999	Malawi	Zimbabwe
2021.01272	South Africa	Mozambique
2021.0130199999999	South Africa	United Kingdom
2021.0130299999998	South Africa	Lesotho
2021.01307	South Africa	Lesotho
2021.01308	South Africa	United Kingdom
2021.01389	Zambia	France
2021.0158	South Africa	Zimbabwe
2021.0158099999999	South Africa	Zimbabwe
2021.01845	South Africa	Equatorial Guinea
2021.0185	South Africa	United Kingdom
2021.0185099999999	USA	South Africa
2021.0185099999999	South Africa	Zimbabwe
2021.0185199999999	South Africa	United Kingdom
2021.0185199999999	Zimbabwe	South Africa
2021.01866	South Africa	Finland
2021.01937	Zambia	Kenya
2021.0198799999998	South Africa	Zimbabwe
2021.02124	South Africa	Finland
2021.02125	South Africa	United Kingdom
2021.02125	South Africa	Zimbabwe
2021.0217	Zimbabwe	South Africa
2021.0218	South Africa	Germany
2021.0223799999999	Finland	Mozambique
2021.02288	South Africa	Malawi
2021.02371	South Africa	Zimbabwe
2021.02396	South Africa	Botswana
2021.0243	United Kingdom	Zambia
2021.02478	South Africa	United Arab Emirates
2021.0254599999998	South Africa	Mozambique
2021.0255399999999	South Africa	Kenya
2021.02574	Zimbabwe	United Kingdom
2021.0263499999999	South Africa	France
2021.0267099999999	Zambia	United Kingdom
2021.0267099999999	USA	South Africa
2021.0267299999998	South Africa	Germany
2021.0267299999998	Zambia	Turkey
2021.02703	South Africa	Turkey
2021.0270699999999	South Africa	Ireland
2021.02882	South Africa	France
2021.02927	Mozambique	South Africa
2021.0294199999998	South Africa	Netherlands
2021.0294299999998	South Africa	United Kingdom
2021.02944	France	Malawi
2021.02945	South Africa	Zimbabwe
2021.0295199999998	South Africa	Turkey
2021.02967	South Africa	Israel
2021.03052	South Africa	Mozambique
2021.03056	South Africa	USA
2021.03063	South Africa	Botswana
2021.03099	South Africa	Spain
2021.03214	South Africa	Zambia
2021.03215	South Africa	France
2021.03216	South Africa	United Kingdom
2021.0325799999998	South Africa	Turkey
2021.03259	South Africa	Mozambique
2021.03407	South Africa	Malawi
2021.0341899999999	South Africa	Malawi
2021.03489	Malawi	South Africa
2021.03489	South Africa	Spain
2021.03489	South Africa	Netherlands
2021.03489	South Africa	Malawi
2021.0348999999999	South Africa	Malawi
2021.0349199999998	South Africa	Malawi
2021.0349199999998	Zambia	United Kingdom
2021.03513	South Africa	Mozambique
2021.0351899999998	United Kingdom	Switzerland
2021.0352799999998	South Africa	Mozambique
2021.0353499999999	South Africa	Spain
2021.0360799999999	Bangladesh	India
2021.0372	South Africa	Malawi
2021.0374399999998	South Africa	Malawi
2021.03763	South Africa	United Kingdom
2021.03763	South Africa	United Kingdom
2021.03763	South Africa	Canada
2021.03763	USA	South Africa
2021.03764	South Africa	Zimbabwe
2021.03765	South Africa	Canada
2021.03765	South Africa	Eswatini
2021.0379699999999	South Africa	United Kingdom
2021.03855	South Africa	Malawi
2021.03985	South Africa	Zimbabwe
2021.04035	South Africa	Mozambique
2021.04035	South Africa	United Kingdom
2021.04036	South Africa	Ireland
2021.04036	South Africa	South Korea
2021.04036	South Africa	United Kingdom
2021.04036	Kenya	South Africa
2021.04037	United Kingdom	United Arab Emirates
2021.04037	South Africa	United Kingdom
2021.04037	South Africa	United Kingdom
2021.04069	Zambia	United Kingdom
2021.04165	South Africa	Turkey
2021.04245	South Africa	Mozambique
2021.04299	South Africa	USA
2021.04309	South Africa	United Arab Emirates
2021.04309	United Kingdom	France
2021.0430999999999	Zimbabwe	United Kingdom
2021.0431199999998	South Africa	Mozambique
2021.04313	South Africa	Zimbabwe
2021.04349	South Africa	Netherlands
2021.0437	South Africa	Malawi
2021.0438	France	Luxembourg
2021.0438	South Africa	United Kingdom
2021.04422	United Kingdom	USA
2021.0445	South Africa	Malawi
2021.04461	Angola	South Africa
2021.04543	South Africa	USA
2021.04558	Zimbabwe	Germany
2021.04568	Kenya	France
2021.0458199999998	South Africa	Zimbabwe
2021.0458199999998	South Africa	Netherlands
2021.0458199999998	South Africa	Zimbabwe
2021.0458199999998	South Africa	Germany
2021.0458199999998	South Africa	Zimbabwe
2021.0458199999998	South Africa	United Kingdom
2021.04583	Zimbabwe	South Africa
2021.04583	South Africa	Zimbabwe
2021.04583	South Africa	United Kingdom
2021.04584	South Africa	Zimbabwe
2021.04585	South Africa	United Kingdom
2021.04587	South Africa	Zimbabwe
2021.04729	South Africa	Kenya
2021.0479799999998	South Africa	Netherlands
2021.04854	Zimbabwe	South Africa
2021.04855	France	United Kingdom
2021.04855	United Kingdom	South Africa
2021.04855	South Africa	United Kingdom
2021.04855	USA	South Africa
2021.04856	South Africa	Ireland
2021.04856	South Africa	Japan
2021.04856	South Africa	United Kingdom
2021.04856	South Africa	Germany
2021.04856	South Africa	Israel
2021.04856	South Africa	Ireland
2021.04857	South Africa	United Kingdom
2021.04858	Zambia	South Africa
2021.04858	United Kingdom	South Africa
2021.0485899999999	South Africa	United Arab Emirates
2021.0492299999999	South Africa	Zimbabwe
2021.04966	South Africa	Mozambique
2021.04982	South Africa	Netherlands
2021.04984	France	United Kingdom
2021.05124	South Africa	USA
2021.05128	South Africa	Mozambique
2021.0512899999999	South Africa	Zimbabwe
2021.0512899999999	South Africa	Zimbabwe
2021.0512899999999	South Africa	Zambia
2021.0512899999999	Mozambique	South Africa
2021.0512999999999	South Africa	Zimbabwe
2021.05142	South Africa	Zimbabwe
2021.052	South Africa	Mozambique
2021.0520199999999	South Africa	Netherlands
2021.05224	South Africa	Qatar
2021.0527299999999	South Africa	Botswana
2021.0527499999998	France	Belgium
2021.0531899999999	South Africa	Mozambique
2021.0534	South Africa	Mozambique
2021.05402	South Africa	Zimbabwe
2021.05402	South Africa	China
2021.05403	South Africa	Zimbabwe
2021.05403	South Africa	United Kingdom
2021.05404	South Africa	United Kingdom
2021.0541699999999	South Africa	Zimbabwe
2021.05438	Zimbabwe	United Kingdom
2021.0544599999998	Malawi	United Kingdom
2021.05466	South Africa	Portugal
2021.0554399999999	South Africa	USA
2021.05574	South Africa	United Kingdom
2021.05676	South Africa	France
2021.05677	South Africa	United Kingdom
2021.05678	Germany	USA
2021.05702	South Africa	Germany
2021.05728	Kenya	Turkey
2021.05791	South Africa	Botswana
2021.05793	South Africa	Turkey
2021.0581	France	Turkey
2021.0594999999998	South Africa	Netherlands
2021.0594999999998	South Africa	United Kingdom
2021.05999	South Africa	Turkey
2021.06027	South Africa	Poland
2021.06107	Mozambique	South Africa
2021.06213	Mozambique	South Africa
2021.06222	United Kingdom	USA
2021.06222	South Africa	United Kingdom
2021.06223	South Africa	Netherlands
2021.06223	South Africa	Zambia
2021.06224	South Africa	United Kingdom
2021.06225	South Africa	Ireland
2021.06234	India	Greece
2021.06304	Zimbabwe	Netherlands
2021.0638099999999	South Africa	India
2021.06497	South Africa	Portugal
2021.06497	Mozambique	South Africa
2021.06497	South Africa	United Kingdom
2021.06497	South Africa	Botswana
2021.0649799999999	South Africa	Zimbabwe
2021.0649799999999	Mozambique	South Africa
2021.0649799999999	South Africa	Switzerland
2021.0649899999999	Zambia	Botswana
2021.0649899999999	South Africa	Zimbabwe
2021.0649899999999	South Africa	Zimbabwe
2021.0649899999999	South Africa	United Kingdom
2021.0649899999999	South Africa	United Kingdom
2021.0649999999998	Zimbabwe	South Africa
2021.0649999999998	Zimbabwe	Mauritius
2021.0653399999999	South Africa	Germany
2021.0657199999998	South Africa	Israel
2021.0658099999998	South Africa	India
2021.0667099999998	South Africa	Mozambique
2021.0676899999999	South Africa	Zimbabwe
2021.0676999999998	South Africa	Malawi
2021.06771	Zimbabwe	United Kingdom
2021.06772	South Africa	United Kingdom
2021.06773	Zambia	United Kingdom
2021.06773	South Africa	Ireland
2021.06773	South Africa	United Kingdom
2021.06774	France	United Kingdom
2021.06774	South Africa	Zimbabwe
2021.06775	South Africa	Mozambique
2021.06776	Malawi	South Africa
2021.0677699999999	Zimbabwe	South Africa
2021.0682299999999	South Africa	Zimbabwe
2021.06847	South Africa	Turkey
2021.06854	France	Netherlands
2021.06915	France	Netherlands
2021.06953	South Africa	Israel
2021.06955	South Africa	Rwanda
2021.0696699999999	Turkey	France
2021.06973	South Africa	France
2021.07043	South Africa	Belgium
2021.07044	Mozambique	Canada
2021.07045	South Africa	Zimbabwe
2021.07045	South Africa	Zimbabwe
2021.07046	Zimbabwe	Zambia
2021.07046	Zimbabwe	United Kingdom
2021.07046	South Africa	Portugal
2021.07046	Botswana	United Kingdom
2021.07046	Netherlands	France
2021.07046	South Africa	Mozambique
2021.07047	Zambia	Botswana
2021.07047	United Kingdom	France
2021.0704799999999	Zimbabwe	USA
2021.0704799999999	South Africa	Zimbabwe
2021.07082	Kenya	Germany
2021.07199	South Africa	Botswana
2021.0722799999999	France	Netherlands
2021.0722899999998	Luxembourg	France
2021.07271	South Africa	Turkey
2021.0728	South Africa	United Kingdom
2021.0731799999999	South Africa	Mozambique
2021.0731799999999	South Africa	Zimbabwe
2021.0731899999998	South Africa	Mozambique
2021.0731899999998	South Africa	Mozambique
2021.0731899999998	South Africa	Zimbabwe
2021.0731899999998	South Africa	France
2021.0731899999998	South Africa	Zimbabwe
2021.0731999999998	South Africa	Eswatini
2021.0731999999998	South Africa	Japan
2021.0731999999998	South Africa	Sweden
2021.0732	South Africa	Zimbabwe
2021.07321	Zimbabwe	South Africa
2021.07321	South Africa	Zimbabwe
2021.07324	Kenya	United Kingdom
2021.0737299999998	South Africa	Mozambique
2021.0748099999998	South Africa	Mozambique
2021.07591	Zimbabwe	United Kingdom
2021.07591	South Africa	Zimbabwe
2021.07592	South Africa	Zimbabwe
2021.07592	South Africa	Mozambique
2021.07593	South Africa	Zimbabwe
2021.07593	South Africa	Eswatini
2021.07594	South Africa	Zimbabwe
2021.07594	South Africa	Netherlands
2021.07594	South Africa	United Kingdom
2021.07594	South Africa	Zimbabwe
2021.07595	Zambia	Zimbabwe
2021.07595	South Africa	Japan
2021.07595	South Africa	Zimbabwe
2021.07595	South Africa	United Kingdom
2021.07596	South Africa	United Kingdom
2021.0761499999999	France	India
2021.0761599999998	South Africa	Germany
2021.0786699999999	South Africa	Zimbabwe
2021.0786699999999	South Africa	United Kingdom
2021.0786799999998	South Africa	Zimbabwe
2021.0786799999998	South Africa	Netherlands
2021.0786799999998	France	South Africa
2021.0786899999998	Zambia	United Kingdom
2021.0787	Malawi	United Kingdom
2021.0792099999999	Zimbabwe	Turkey
2021.07964	Germany	Turkey
2021.0796799999998	South Africa	Belgium
2021.0797699999998	South Africa	Botswana
2021.07987	South Africa	Malawi
2021.0805599999999	France	Netherlands
2021.0811199999998	France	Germany
2021.08141	Germany	Switzerland
2021.08141	South Africa	United Kingdom
2021.08142	India	Belgium
2021.08142	South Africa	Mozambique
2021.08142	South Africa	Mozambique
2021.08143	United Kingdom	South Africa
2021.08144	France	United Kingdom
2021.08144	Malawi	Zambia
2021.08144	Malawi	Zambia
2021.08188	South Africa	France
2021.0826	South Africa	Mozambique
2021.08349	Kenya	Rwanda
2021.08357	South Africa	Germany
2021.08386	South Africa	United Kingdom
2021.08413	South Africa	Zimbabwe
2021.08414	South Africa	Qatar
2021.08414	Zimbabwe	Panama
2021.08414	South Africa	United Kingdom
2021.08414	South Africa	Switzerland
2021.08415	France	United Kingdom
2021.08415	South Africa	Germany
2021.08415	South Africa	United Kingdom
2021.08415	South Africa	Belgium
2021.08415	South Africa	Belgium
2021.0841599999999	USA	South Africa
2021.0841599999999	South Africa	United Kingdom
2021.0841599999999	Mozambique	South Africa
2021.0841599999999	South Africa	Netherlands
2021.0841599999999	South Africa	United Kingdom
2021.0841699999999	Zambia	USA
2021.0841699999999	South Africa	Zimbabwe
2021.0841799999998	South Africa	Rwanda
2021.08451	South Africa	Germany
2021.08627	South Africa	Mozambique
2021.08665	South Africa	Kenya
2021.08675	Zimbabwe	France
2021.0868799999998	South Africa	Zimbabwe
2021.0868799999998	Zimbabwe	Norway
2021.08689	South Africa	Malawi
2021.08689	Zimbabwe	South Africa
2021.08689	Turkey	South Africa
2021.08689	South Africa	Malawi
2021.08689	South Africa	Mozambique
2021.0869	United Kingdom	Zimbabwe
2021.0869	South Africa	Malawi
2021.0869	India	United Arab Emirates
2021.0869	South Africa	United Kingdom
2021.0869	South Africa	Malawi
2021.0869	Belgium	South Africa
2021.0869	Botswana	South Africa
2021.0869	South Africa	United Kingdom
2021.08691	Zimbabwe	United Kingdom
2021.08691	South Africa	Botswana
2021.08691	South Africa	Mozambique
2021.08692	South Africa	Malawi
2021.08692	South Africa	Mozambique
2021.08693	South Africa	United Kingdom
2021.08695	South Africa	Qatar
2021.08702	United Kingdom	France
2021.0872299999999	United Kingdom	France
2021.08781	South Africa	Kenya
2021.08836	South Africa	Switzerland
2021.08962	South Africa	Malawi
2021.08962	South Africa	Mozambique
2021.08963	Zimbabwe	United Kingdom
2021.08963	Malawi	South Korea
2021.08963	South Africa	Mozambique
2021.08963	France	Israel
2021.08963	France	Israel
2021.08963	South Africa	United Kingdom
2021.08963	South Africa	Malawi
2021.08963	South Africa	Mozambique
2021.08964	South Africa	Malawi
2021.08964	South Africa	Malawi
2021.08964	India	Israel
2021.08964	India	Israel
2021.08964	South Africa	Switzerland
2021.08964	South Africa	Canada
2021.08964	South Africa	Zimbabwe
2021.08964	South Africa	Mozambique
2021.08965	Zambia	United Kingdom
2021.08965	South Africa	Ireland
2021.08965	South Africa	Eswatini
2021.0896599999999	South Africa	Netherlands
2021.0896599999999	South Africa	Eswatini
2021.0896699999998	Malawi	South Africa
2021.08992	Malawi	Italy
2021.08998	South Africa	Botswana
2021.09001	South Africa	Mozambique
2021.09063	South Africa	Zimbabwe
2021.09105	Italy	India
2021.09169	France	Sweden
2021.09172	South Africa	United Kingdom
2021.09235	South Africa	Belgium
2021.0923599999999	USA	Switzerland
2021.0923699999998	South Africa	Sweden
2021.0923699999998	South Africa	Mozambique
2021.0923699999998	France	United Kingdom
2021.0923699999998	South Africa	Mozambique
2021.0923799999998	South Africa	United Kingdom
2021.0923799999998	South Africa	Mozambique
2021.0923799999998	France	Netherlands
2021.0923799999998	South Africa	Botswana
2021.0923799999998	United Kingdom	Ireland
2021.0923799999998	South Africa	Mozambique
2021.0923799999998	South Africa	Mozambique
2021.0923799999998	South Africa	Mozambique
2021.09239	South Africa	United Kingdom
2021.09239	South Africa	USA
2021.09239	South Africa	Malawi
2021.0924	Netherlands	Belgium
2021.0924	South Africa	USA
2021.0924	South Africa	United Kingdom
2021.09241	South Africa	Botswana
2021.09241	South Africa	Zambia
2021.09241	South Africa	Malawi
2021.0929099999998	South Africa	Malawi
2021.09356	South Africa	Angola
2021.09377	South Africa	USA
2021.09464	South Africa	Turkey
2021.0951	South Africa	Mozambique
2021.09511	South Africa	Zimbabwe
2021.09511	South Africa	United Kingdom
2021.09511	South Africa	Germany
2021.09511	South Africa	Zimbabwe
2021.09511	South Africa	United Kingdom
2021.09511	South Africa	Mozambique
2021.09511	Germany	Canada
2021.09512	Malawi	Austria
2021.09512	South Africa	Botswana
2021.09512	South Africa	Mozambique
2021.09513	South Africa	United Kingdom
2021.09513	South Africa	France
2021.09513	South Africa	Mozambique
2021.09513	South Africa	Mozambique
2021.09514	Zimbabwe	Netherlands
2021.09514	Turkey	Canada
2021.0951499999999	South Africa	United Kingdom
2021.09575	South Africa	Rwanda
2021.09629	France	Germany
2021.0975799999999	South Africa	Belgium
2021.0978499999999	South Africa	Mozambique
2021.0978499999999	South Africa	Mozambique
2021.0978499999999	South Africa	Mozambique
2021.0978599999999	South Africa	United Kingdom
2021.0978599999999	South Africa	Mozambique
2021.0978599999999	Kenya	Canada
2021.0978699999998	Zambia	United Kingdom
2021.0978699999998	France	Norway
2021.0978699999998	Malawi	Canada
2021.0978699999998	Malawi	Mozambique
2021.09788	South Africa	United Kingdom
2021.09788	Zimbabwe	Mozambique
2021.09788	Zimbabwe	United Kingdom
2021.09788	Zambia	Mozambique
2021.09789	South Africa	Mozambique
2021.09834	South Africa	Mozambique
2021.10059	South Africa	Botswana
2021.10059	South Africa	United Kingdom
2021.1006	Botswana	South Africa
2021.1006	South Africa	Mozambique
2021.10061	Zambia	United Kingdom
2021.10061	South Africa	Mozambique
2021.10062	Zambia	South Korea
2021.10062	South Africa	United Kingdom
2021.1006399999999	Botswana	Netherlands
2021.10186	Zimbabwe	USA
2021.10259	South Africa	India
2021.1032599999999	South Africa	Botswana
2021.10332	South Africa	Lesotho
2021.10332	South Africa	Lesotho
2021.10332	South Africa	Lesotho
2021.10333	Zimbabwe	United Kingdom
2021.10333	South Africa	Botswana
2021.10333	South Africa	Lesotho
2021.10333	South Africa	Lesotho
2021.10333	South Africa	Lesotho
2021.10334	Zambia	Netherlands
2021.10334	South Africa	United Kingdom
2021.10334	India	United Kingdom
2021.10334	South Africa	Zimbabwe
2021.1033499999999	Zambia	United Kingdom
2021.1033499999999	South Africa	United Kingdom
2021.1033499999999	South Africa	Switzerland
2021.1033499999999	South Africa	Botswana
2021.1033499999999	South Africa	Lesotho
2021.1033499999999	France	Luxembourg
2021.1033499999999	South Africa	Finland
2021.1033599999998	South Africa	Mozambique
2021.10487	United Kingdom	France
2021.10491	South Africa	Spain
2021.1051599999998	Sweden	Finland
2021.1060599999998	South Africa	United Kingdom
2021.1060599999998	France	Luxembourg
2021.1060699999998	United Kingdom	Ireland
2021.1060699999998	South Africa	United Kingdom
2021.1060699999998	South Africa	Mozambique
2021.1060699999998	South Africa	Mozambique
2021.1060699999998	Mozambique	South Africa
2021.10608	South Africa	Japan
2021.10608	Netherlands	United Kingdom
2021.10608	France	Switzerland
2021.10608	South Africa	Netherlands
2021.10609	Zambia	United Kingdom
2021.10609	South Africa	Russia
2021.10609	South Africa	Zimbabwe
2021.1061	South Africa	Mozambique
2021.10611	France	USA
2021.1071	South Africa	Botswana
2021.10729	South Africa	Germany
2021.10735	South Africa	Belgium
2021.10765	Belgium	Kenya
2021.10765	Kenya	Austria
2021.1088	France	Canada
2021.1088	France	Germany
2021.1088	Germany	Luxembourg
2021.10881	Zimbabwe	United Kingdom
2021.10881	Germany	Israel
2021.10881	France	United Kingdom
2021.10882	South Africa	Botswana
2021.10882	South Africa	Mozambique
2021.10882	France	Israel
2021.10882	France	Netherlands
2021.10883	France	United Kingdom
2021.10883	South Africa	Zimbabwe
2021.10883	Rwanda	Switzerland
2021.1088399999999	South Africa	Eswatini
2021.10963	South Africa	Germany
2021.1097499999998	Kenya	Oman
2021.1101099999998	Mozambique	South Africa
2021.11018	South Africa	Germany
2021.11088	Qatar	India
2021.11098	South Africa	Turkey
2021.1111099999998	USA	Norway
2021.1115399999999	South Africa	Zimbabwe
2021.1115399999999	South Africa	Malawi
2021.1115399999999	South Africa	Zimbabwe
2021.1115499999999	South Africa	Malawi
2021.1115499999999	South Africa	Malawi
2021.1115499999999	Netherlands	Rwanda
2021.1115499999999	South Africa	Botswana
2021.1115599999998	South Africa	Malawi
2021.1115599999998	South Africa	Zimbabwe
2021.1115599999998	South Africa	Malawi
2021.1115599999998	Zimbabwe	South Africa
2021.1115599999998	South Africa	Malawi
2021.1115599999998	South Africa	Malawi
2021.11157	South Africa	Malawi
2021.11157	Zimbabwe	South Africa
2021.11157	Zimbabwe	Malawi
2021.11157	Netherlands	United Kingdom
2021.11158	France	Sweden
2021.11158	South Africa	Malawi
2021.11159	South Africa	Malawi
2021.11177	Kenya	Japan
2021.11278	Netherlands	Switzerland
2021.11413	South Africa	Democratic Republic of the Congo
2021.11428	South Africa	Germany
2021.11428	South Africa	Zimbabwe
2021.11428	USA	Ireland
2021.11429	Zimbabwe	United Kingdom
2021.11429	South Africa	Mozambique
2021.11429	South Africa	Malawi
2021.11429	Germany	Turkey
2021.1143	France	United Kingdom
2021.1143	France	Germany
2021.1143	United Kingdom	Austria
2021.1143	South Africa	Netherlands
2021.1143	South Africa	Malawi
2021.1143	South Africa	Kenya
2021.11431	Zambia	Malawi
2021.11431	Zambia	Democratic Republic of the Congo
2021.11431	United Kingdom	Greece
2021.11431	South Africa	Malawi
2021.11431	South Africa	Botswana
2021.11431	South Africa	Malawi
2021.11432	United Kingdom	Malawi
2021.1149599999999	France	Luxembourg
2021.1170299999999	South Africa	Mozambique
2021.1170299999999	South Africa	Mozambique
2021.1170399999999	South Africa	Malawi
2021.1170399999999	South Africa	Mozambique
2021.1170499999998	South Africa	Malawi
2021.1170499999998	South Africa	Mozambique
2021.11706	Zimbabwe	United Kingdom
2021.11707	South Africa	Malawi
2021.11752	USA	Turkey
2021.1183999999998	South Africa	Mozambique
2021.1189	South Africa	Spain
2021.1197499999998	Zimbabwe	South Africa
2021.1197499999998	South Africa	Malawi
2021.1197499999998	Luxembourg	Belgium
2021.11976	South Africa	Malawi
2021.11976	South Africa	Mozambique
2021.11976	South Africa	Germany
2021.11977	South Africa	Malawi
2021.11977	South Africa	Malawi
2021.11977	South Africa	Malawi
2021.11978	South Africa	Malawi
2021.11978	South Africa	Zambia
2021.11978	South Africa	Malawi
2021.11978	South Africa	United Kingdom
2021.11979	Zambia	Malawi
2021.11979	Malawi	Zimbabwe
2021.11979	Kenya	Switzerland
2021.1198	South Africa	Malawi
2021.12023	South Africa	Spain
2021.12042	South Africa	Qatar
2021.12089	USA	India
2021.12115	South Africa	Germany
2021.12121	France	Costa Rica
2021.1222599999999	South Africa	India
2021.12249	South Africa	Botswana
2021.1225	South Africa	USA
2021.1225	South Africa	Mozambique
2021.1225	Equatorial Guinea	France
2021.1225	South Africa	Germany
2021.1225	South Africa	Malawi
2021.12251	South Africa	Zimbabwe
2021.12251	South Africa	Zimbabwe
2021.12251	France	Finland
2021.12251	South Africa	Malawi
2021.12251	South Africa	Malawi
2021.12252	Qatar	Indonesia
2021.12252	South Africa	Malawi
2021.12252	India	France
2021.12252	Malaysia	Indonesia
2021.12252	South Africa	Israel
2021.1225299999999	South Africa	Malawi
2021.12375	Kenya	Israel
2021.1243499999998	South Africa	Mozambique
2021.1252399999998	Spain	Belgium
2021.1252399999998	Luxembourg	France
2021.1252499999998	France	USA
2021.1252499999998	Zambia	France
2021.1252499999998	France	USA
2021.1252499999998	South Africa	Turkey
2021.12526	Germany	France
2021.12527	Zambia	Israel
2021.12527	South Africa	Belgium
2021.12527	Germany	France
2021.12527	South Africa	Sweden
2021.12528	South Africa	Malawi
2021.12528	South Africa	Malawi
2021.12528	South Africa	United Kingdom
2021.12529	South Africa	Botswana
2021.1255099999998	South Africa	Germany
2021.1256899999998	Rwanda	Thailand
2021.1259599999998	Germany	India
2021.12598	South Africa	Malawi
2021.126	Germany	USA
2021.12745	Zambia	Finland
2021.1276699999999	South Africa	Pakistan
2021.12782	United Kingdom	Canada
2021.12797	South Africa	Botswana
2021.12798	Luxembourg	France
2021.12799	Mozambique	South Africa
2021.12799	South Africa	Botswana
2021.12799	South Africa	Belgium
2021.128	United Kingdom	France
2021.128	Botswana	Belgium
2021.128	South Africa	USA
2021.12801	South Africa	Botswana
2021.1280299999999	South Africa	Italy
2021.12882	South Africa	Botswana
2021.13071	Botswana	South Africa
2021.1307199999999	South Africa	Mozambique
2021.1307199999999	Mozambique	Angola
2021.1307299999999	South Africa	United Kingdom
2021.1307399999998	South Africa	Angola
2021.13075	South Africa	Angola
2021.13076	Turkey	United Kingdom
2021.1308299999998	Philippines	USA
2021.13086	South Africa	Mozambique
2021.13105	France	Japan
2021.1324	South Africa	Botswana
2021.13247	USA	Norway
2021.1326299999998	USA	Sweden
2021.1333	Kenya	Germany
2021.13346	Zimbabwe	Switzerland
2021.13347	South Africa	France
2021.13347	France	Turkey
2021.13347	South Africa	United Kingdom
2021.13347	South Africa	Rwanda
2021.13348	Zambia	USA
2021.13348	South Africa	Angola
2021.13348	France	Sweden
2021.13348	Kenya	Rwanda
2021.13349	Zambia	United Kingdom
2021.13349	Zambia	Turkey
2021.13349	South Africa	Italy
2021.1335	South Africa	USA
2021.1335	United Kingdom	Rwanda
2021.13367	Netherlands	France
2021.1341499999999	France	Israel
2021.13484	USA	Switzerland
2021.13535	Zimbabwe	South Africa
2021.13601	France	Singapore
2021.13621	South Africa	Mozambique
2021.13621	France	Switzerland
2021.13621	France	Belgium
2021.1362199999999	France	Luxembourg
2021.1362299999998	South Africa	Mozambique
2021.13625	South Africa	Zimbabwe
2021.1365799999999	South Africa	Sweden
2021.1376799999998	France	India
2021.1378599999998	France	Turkey
2021.13809	USA	Finland
2021.13895	Luxembourg	France
2021.13895	South Africa	Israel
2021.1396399999999	South Africa	France
2021.1397	Germany	Netherlands
2021.13986	Kenya	Italy
2021.14003	Netherlands	Japan
2021.14006	Zimbabwe	South Africa
2021.14157	Equatorial Guinea	Spain
2021.14165	USA	Turkey
2021.14167	Japan	Germany
2021.14168	South Africa	Angola
2021.14168	South Africa	Mozambique
2021.14169	France	United Kingdom
2021.14169	South Africa	Mozambique
2021.14169	Germany	South Africa
2021.14169	South Africa	USA
2021.1417	Netherlands	Gabon
2021.1417	Netherlands	USA
2021.1417	France	Netherlands
2021.1417	South Africa	Mozambique
2021.1417	South Africa	Mozambique
2021.1417	Zimbabwe	Malaysia
2021.1417	Kenya	Switzerland
2021.1417	Kenya	Germany
2021.1417099999999	South Africa	Mozambique
2021.1417199999999	Zimbabwe	Zambia
2021.1417199999999	Turkey	Austria
2021.14174	United Kingdom	Israel
2021.1423399999999	Kenya	France
2021.14304	France	Luxembourg
2021.14341	Equatorial Guinea	Spain
2021.1441599999998	South Africa	Switzerland
2021.1444199999999	South Africa	Zimbabwe
2021.1444199999999	South Africa	Zimbabwe
2021.1444199999999	Canada	Netherlands
2021.1444199999999	France	Netherlands
2021.1444199999999	South Africa	Germany
2021.1444199999999	South Africa	Malawi
2021.1444299999998	South Africa	Zimbabwe
2021.1444299999998	South Africa	Zimbabwe
2021.1444299999998	South Africa	Pakistan
2021.1444299999998	Zimbabwe	South Africa
2021.1444299999998	Zimbabwe	Malaysia
2021.1444299999998	South Africa	Mozambique
2021.1444299999998	Kenya	Israel
2021.1444299999998	Kenya	Rwanda
2021.1444299999998	Germany	Canada
2021.14444	South Africa	Mozambique
2021.14444	South Africa	Zimbabwe
2021.14444	France	Belgium
2021.14444	South Africa	Mozambique
2021.14445	Switzerland	France
2021.14445	South Africa	Zimbabwe
2021.14445	South Africa	Zimbabwe
2021.14453	Kenya	Uganda
2021.1447799999999	Ireland	South Africa
2021.1447899999998	France	Canada
2021.14482	France	Germany
2021.14503	South Africa	Mozambique
2021.1453099999999	France	Czech Republic
2021.1455999999998	France	USA
2021.1456699999999	South Africa	France
2021.1460499999998	South Africa	Pakistan
2021.14651	South Africa	Mozambique
2021.14679	Netherlands	India
2021.14716	Zimbabwe	Botswana
2021.14716	Switzerland	France
2021.14716	Botswana	South Africa
2021.14717	Austria	Germany
2021.14717	India	Netherlands
2021.14717	France	United Kingdom
2021.14717	South Africa	Qatar
2021.14717	South Africa	France
2021.14718	South Africa	Zimbabwe
2021.14719	France	Luxembourg
2021.14736	Kenya	Russia
2021.1487399999999	United Kingdom	India
2021.14962	South Africa	Italy
2021.1499	Zimbabwe	South Africa
2021.1499	France	Belgium
2021.1499099999999	France	United Kingdom
2021.1499099999999	Luxembourg	France
2021.1499099999999	Botswana	Netherlands
2021.1499199999998	South Africa	Zimbabwe
2021.14993	France	Greece
2021.15032	USA	Germany
2021.15134	Equatorial Guinea	Philippines
2021.15161	South Africa	Kenya
2021.15265	South Africa	Mozambique
2021.15265	France	United Kingdom
2021.15265	France	Belgium
2021.15265	France	Germany
2021.15265	France	Belgium
2021.15265	USA	Togo
2021.15266	South Africa	Germany
2021.15266	Kenya	Rwanda
2021.15267	Zambia	France
2021.15267	Italy	Austria
2021.15267	South Africa	Germany
2021.15268	France	Rwanda
2021.15268	Turkey	Kenya
2021.15268	Turkey	Kenya
2021.15328	South Africa	Turkey
2021.15467	South Africa	USA
2021.1549	Turkey	India
2021.15537	South Africa	Mozambique
2021.15538	France	Netherlands
2021.15538	Switzerland	France
2021.15539	South Africa	Mozambique
2021.15539	France	Netherlands
2021.15539	South Africa	Mozambique
2021.1553999999999	France	Netherlands
2021.1554099999998	South Africa	Mozambique
2021.1554099999998	Germany	Cameroon
2021.15588	Angola	South Africa
2021.1574799999999	Zimbabwe	Germany
2021.15755	India	Russia
2021.15781	Belgium	Austria
2021.1581199999998	France	United Kingdom
2021.1581199999998	Norway	Belgium
2021.1581199999998	Kenya	USA
2021.15813	Qatar	Portugal
2021.15813	Kenya	Israel
2021.15813	Germany	Singapore
2021.15814	France	Zambia
2021.15814	Zimbabwe	Switzerland
2021.15814	South Africa	Poland
2021.15815	Zimbabwe	Israel
2021.15815	South Africa	Rwanda
2021.1584799999998	Turkey	France
2021.15849	Mozambique	Portugal
2021.15851	South Africa	Mozambique
2021.15854	United Kingdom	France
2021.15858	Turkey	Slovenia
2021.15862	South Africa	Angola
2021.15896	Poland	Germany
2021.1593	USA	Austria
2021.16086	France	United Kingdom
2021.16086	USA	South Africa
2021.16087	Zimbabwe	Mozambique
2021.16087	South Africa	Mozambique
2021.16087	Belgium	Netherlands
2021.16087	Turkey	Israel
2021.16087	Netherlands	Turkey
2021.16087	Netherlands	France
2021.16087	South Africa	Turkey
2021.16087	South Africa	Angola
2021.16087	Sweden	United Kingdom
2021.16087	South Africa	Mozambique
2021.16088	South Africa	Turkey
2021.16088	South Africa	Mozambique
2021.16088	South Africa	Mozambique
2021.16088	South Africa	Mozambique
2021.16088	Kenya	Slovakia
2021.1608899999999	France	Slovakia
2021.1608899999999	South Africa	Turkey
2021.1608899999999	Kenya	USA
2021.16128	Mozambique	South Africa
2021.16156	Singapore	Bangladesh
2021.16194	USA	Costa Rica
2021.1619899999998	France	Belgium
2021.16205	Botswana	South Africa
2021.1635899999999	Canada	Netherlands
2021.1635899999999	South Africa	Mozambique
2021.1635999999999	Luxembourg	Belgium
2021.1635999999999	USA	South Africa
2021.1635999999999	Mozambique	South Africa
2021.1636099999998	France	Austria
2021.1636099999998	France	Philippines
2021.1636099999998	USA	Austria
2021.16362	France	Greece
2021.16364	Mozambique	South Africa
2021.16366	Zambia	USA
2021.1639499999999	Netherlands	Turkey
2021.165	USA	Turkey
2021.16553	South Africa	France
2021.16565	Mozambique	Portugal
2021.16581	USA	Bangladesh
2021.16633	Botswana	South Africa
2021.16634	USA	United Kingdom
2021.16635	Mozambique	South Africa
2021.16635	Mozambique	South Africa
2021.16635	India	France
2021.16635	Netherlands	Turkey
2021.16635	South Africa	Qatar
2021.16635	Canada	United Kingdom
2021.16636	Zambia	United Kingdom
2021.16636	Netherlands	France
2021.16636	Germany	Netherlands
2021.16636	Luxembourg	Belgium
2021.16636	Kenya	Slovakia
2021.16638	India	Germany
2021.1666	Malawi	South Africa
2021.16699	Poland	Austria
2021.16705	Mozambique	South Africa
2021.16716	Netherlands	Germany
2021.16719	India	USA
2021.1690899999999	France	United Kingdom
2021.1690999999998	Netherlands	Turkey
2021.1690999999998	Zambia	Italy
2021.1690999999998	Kenya	Slovakia
2021.16913	Philippines	Hong Kong
2021.1700799999999	Equatorial Guinea	Djibouti
2021.17023	Switzerland	Czech Republic
2021.1705	France	USA
2021.17059	Ireland	USA
2021.17088	Spain	Portugal
2021.1717999999998	South Africa	Botswana
2021.1718099999998	Botswana	South Africa
2021.17182	Zimbabwe	Botswana
2021.17182	South Africa	Switzerland
2021.17182	France	Netherlands
2021.17182	South Africa	Mozambique
2021.17182	France	Belgium
2021.17183	South Africa	Mozambique
2021.17183	Mozambique	Angola
2021.17183	Turkey	Austria
2021.17183	France	Netherlands
2021.17183	Botswana	Mozambique
2021.17183	South Africa	Ghana
2021.17184	Netherlands	France
2021.17185	South Africa	Mozambique
2021.1723399999998	South Africa	Croatia
2021.17364	France	Czech Republic
2021.1736799999999	Malawi	USA
2021.17456	Belgium	Netherlands
2021.17456	Norway	USA
2021.17456	Germany	Croatia
2021.17456	Croatia	Russia
2021.17457	USA	Rwanda
2021.17457	South Africa	Germany
2021.17457	Mozambique	Slovenia
2021.1745999999998	France	Switzerland
2021.1748499999999	South Africa	Slovakia
2021.17615	South Africa	Mozambique
2021.17732	Philippines	Japan
2021.17732	Luxembourg	Belgium
2021.17733	South Africa	USA
2021.1776399999999	Angola	South Africa
2021.1781099999998	South Africa	Kenya
2021.1785499999999	France	Turkey
2021.1789099999999	Poland	Germany
2021.1790999999998	Turkey	Germany
2021.1792	United Kingdom	Pakistan
2021.17957	South Africa	Bangladesh
2021.18002	Qatar	United Kingdom
2021.18002	Qatar	Philippines
2021.18004	Belgium	Netherlands
2021.18004	Germany	France
2021.18004	USA	Angola
2021.18005	France	Turkey
2021.18005	South Africa	Germany
2021.18006	South Africa	Zambia
2021.18006	Austria	France
2021.18006	South Africa	Norway
2021.18006	Kenya	Turkey
2021.18006	Kenya	France
2021.18034	USA	Sweden
2021.18039	Turkey	France
2021.1807	Angola	South Africa
2021.18141	Germany	USA
2021.18154	Kenya	Switzerland
2021.18211	Kenya	South Africa
2021.18277	Luxembourg	Belgium
2021.1827799999999	Germany	Rwanda
2021.1827899999998	South Africa	Angola
2021.1827899999998	France	Luxembourg
2021.1827899999998	Sweden	USA
2021.1827999999998	Germany	France
2021.18283	South Africa	France
2021.183	Mozambique	South Africa
2021.1830599999998	Botswana	Belgium
2021.1834199999998	Zimbabwe	Mexico
2021.18354	South Africa	Germany
2021.1838599999999	USA	Netherlands
2021.18391	France	Germany
2021.18436	United Kingdom	Sweden
2021.18491	Norway	United Kingdom
2021.1851399999998	France	India
2021.1854799999999	Mozambique	Brazil
2021.18552	France	United Kingdom
2021.18552	South Africa	Belgium
2021.18552	France	Luxembourg
2021.18552	Germany	Ireland
2021.18554	South Africa	Switzerland
2021.18554	Belgium	South Africa
2021.18574	South Africa	Germany
2021.18574	USA	Turkey
2021.18616	South Africa	Angola
2021.1864699999999	Luxembourg	Germany
2021.18704	Pakistan	United Kingdom
2021.18742	Equatorial Guinea	Spain
2021.18824	Zimbabwe	Rwanda
2021.18825	South Africa	Malawi
2021.18825	South Africa	Malawi
2021.18825	Turkey	Norway
2021.18826	South Africa	Mozambique
2021.1882699999999	France	Switzerland
2021.1882699999999	Germany	Slovakia
2021.1882699999999	Kenya	Sweden
2021.1882799999998	South Africa	Rwanda
2021.18942	France	USA
2021.19029	Germany	Canada
2021.1909899999998	Philippines	Equatorial Guinea
2021.1909899999998	Philippines	Italy
2021.19101	South Africa	Malawi
2021.19101	Netherlands	Belgium
2021.19101	South Africa	Poland
2021.19102	Germany	France
2021.19102	Kenya	Russia
2021.19103	Zimbabwe	India
2021.19103	South Africa	Mozambique
2021.19103	Germany	France
2021.1923299999999	South Africa	Angola
2021.19309	Mozambique	South Africa
2021.19311	South Africa	Germany
2021.19374	Netherlands	India
2021.19374	Turkey	Belgium
2021.19375	France	Luxembourg
2021.1937599999999	France	Luxembourg
2021.1937599999999	Kenya	South Africa
2021.1946599999999	France	Spain
2021.1964799999998	Kenya	India
2021.19649	India	Portugal
2021.19649	Austria	Slovakia
2021.19649	Spain	France
2021.1965	India	United Kingdom
2021.1965	Germany	Luxembourg
2021.1965	Kenya	Croatia
2021.19651	Turkey	Netherlands
2021.19655	Philippines	Singapore
2021.1968	Austria	Germany
2021.1970999999999	Germany	Austria
2021.1971099999998	South Africa	Turkey
2021.19754	South Africa	Germany
2021.1992	South Africa	Turkey
2021.19921	Italy	Rwanda
2021.19922	Sweden	Norway
2021.19922	Israel	Germany
2021.19922	South Africa	Austria
2021.19922	Switzerland	Poland
2021.19923	South Africa	Mozambique
2021.19924	Belgium	Luxembourg
2021.19924	Luxembourg	France
2021.19924	Spain	South Africa
2021.1992599999999	South Africa	Qatar
2021.19942	South Africa	Mozambique
2021.19959	Spain	Kenya
2021.19979	Netherlands	Belgium
2021.20046	South Africa	Angola
2021.20191	Germany	Kenya
2021.2019599999999	Kenya	Slovakia
2021.2019699999998	South Africa	Angola
2021.2019699999998	India	United Kingdom
2021.2019699999998	France	Germany
2021.2019699999998	South Africa	Eswatini
2021.2019699999998	South Africa	Eswatini
2021.2019699999998	Kenya	Turkey
2021.2019799999998	South Africa	Zimbabwe
2021.2019799999998	France	Netherlands
2021.2019799999998	Netherlands	Belgium
2021.2019799999998	South Africa	Eswatini
2021.2019799999998	South Africa	Eswatini
2021.2019799999998	United Kingdom	Eswatini
2021.2019799999998	Kenya	Switzerland
2021.20199	France	USA
2021.20199	Zimbabwe	India
2021.20231	South Africa	Botswana
2021.20289	United Kingdom	Kenya
2021.2039599999998	France	Luxembourg
2021.20443	South Africa	Mozambique
2021.20469	Angola	Zimbabwe
2021.20469	Spain	France
2021.20469	Philippines	Greece
2021.2047	India	Germany
2021.2047	South Africa	Rwanda
2021.2047	France	Switzerland
2021.20471	South Africa	Zimbabwe
2021.20471	Netherlands	Czech Republic
2021.20471	South Africa	Switzerland
2021.20472	France	Greece
2021.20472	India	United Kingdom
2021.20472	South Africa	Germany
2021.2050199999999	USA	Turkey
2021.2067499999998	South Africa	Botswana
2021.20741	Qatar	Canada
2021.20742	France	Germany
2021.20743	France	Germany
2021.20743	Luxembourg	Germany
2021.20743	Luxembourg	Germany
2021.20744	Zimbabwe	South Africa
2021.20744	Philippines	Japan
2021.20744	Luxembourg	Germany
2021.2074499999999	Turkey	Switzerland
2021.2074499999999	South Africa	Sweden
2021.2074499999999	South Africa	Portugal
2021.2074599999999	South Africa	Turkey
2021.2074699999998	Turkey	Rwanda
2021.20777	Mozambique	South Africa
2021.2080999999998	USA	Norway
2021.2084599999998	Germany	Netherlands
2021.2101699999998	Belgium	Netherlands
2021.21018	Sweden	USA
2021.21018	Sweden	United Kingdom
2021.21018	Poland	Switzerland
2021.21019	Slovenia	Turkey
2021.21019	USA	India
2021.21019	Kenya	Rwanda
2021.21019	Kenya	Germany
2021.2102	Finland	Iraq
2021.2102	Zambia	Rwanda
2021.2102	South Africa	Angola
2021.2102	Germany	Turkey
2021.21022	Kenya	Rwanda
2021.21023	Philippines	Hong Kong
2021.21054	Germany	USA
2021.21138	Germany	France
2021.21292	Sweden	USA
2021.2130399999999	South Africa	Kenya
2021.2131	Zimbabwe	Croatia
2021.2132299999998	Mozambique	South Africa
2021.2142999999999	India	Germany
2021.2143999999998	Germany	Switzerland
2021.2156499999999	Belgium	Netherlands
2021.2156599999998	Mozambique	South Africa
2021.2156599999998	South Africa	Israel
2021.2156599999998	USA	Somalia
2021.2156599999998	Sweden	Norway
2021.2156699999998	Luxembourg	France
2021.21568	South Africa	Mozambique
2021.21572	South Africa	Sweden
2021.21649	Singapore	Bangladesh
2021.2165599999998	Germany	France
2021.21714	Mozambique	South Africa
2021.2171999999998	India	Canada
2021.21795	France	Italy
2021.21839	Belgium	Netherlands
2021.21839	Belgium	Netherlands
2021.2184	South Africa	Zambia
2021.2184	Mozambique	Angola
2021.2184	Germany	India
2021.2184	France	Belgium
2021.2184	South Africa	Angola
2021.21841	France	Germany
2021.21841	Kenya	Slovenia
2021.21842	South Africa	USA
2021.2184399999999	Philippines	South Korea
2021.21849	Turkey	USA
2021.21974	South Africa	France
2021.2198099999998	USA	Turkey
2021.2198799999999	Zimbabwe	USA
2021.22112	Netherlands	France
2021.22113	South Africa	Angola
2021.22113	Austria	Switzerland
2021.2211399999999	France	India
2021.2211399999999	South Africa	Botswana
2021.2211499999999	Zimbabwe	Angola
2021.2211499999999	South Africa	Russia
2021.2211499999999	India	Russia
2021.2211499999999	Kenya	Netherlands
2021.2211599999998	South Africa	Angola
2021.2211599999998	Netherlands	France
2021.2211599999998	South Africa	France
2021.2211599999998	South Africa	France
2021.2212299999999	Rwanda	United Kingdom
2021.2222399999998	France	Luxembourg
2021.2227599999999	France	Belgium
2021.22369	Luxembourg	Germany
2021.2238599999998	Qatar	India
2021.2238599999998	Netherlands	Canada
2021.22387	Belgium	Netherlands
2021.22387	South Africa	Poland
2021.22387	South Africa	Kenya
2021.22387	South Africa	United Kingdom
2021.22387	USA	Sweden
2021.22388	South Africa	Malawi
2021.22388	France	India
2021.22388	Germany	Malawi
2021.22389	Mozambique	South Africa
2021.22389	South Africa	Angola
2021.22389	France	India
2021.22389	Turkey	Germany
2021.22389	India	Sweden
2021.22389	South Africa	Malawi
2021.22389	Austria	Slovakia
2021.2239	Malawi	South Africa
2021.22391	Bangladesh	USA
2021.2239499999998	Botswana	South Africa
2021.22545	South Africa	Sweden
2021.22569	Zimbabwe	USA
2021.2257	USA	Netherlands
2021.2265599999998	South Africa	Botswana
2021.2266	South Africa	Botswana
2021.22661	South Africa	Malawi
2021.22661	France	Germany
2021.22661	USA	Sweden
2021.22662	France	India
2021.22662	France	India
2021.22662	France	Germany
2021.22662	South Africa	Malawi
2021.22662	South Africa	India
2021.22662	USA	Netherlands
2021.22663	South Africa	India
2021.22663	Netherlands	Lithuania
2021.22663	Botswana	Malawi
2021.2266399999999	South Africa	Eswatini
2021.22666	Malawi	South Africa
2021.2268199999999	South Africa	India
2021.2268299999998	Kenya	Estonia
2021.2269999999999	Turkey	USA
2021.2274	Germany	France
2021.22839	France	Netherlands
2021.2293499999998	South Africa	Malawi
2021.2293599999998	India	Canada
2021.2293599999998	USA	Norway
2021.2293599999998	Canada	USA
2021.22936	South Africa	Malawi
2021.22937	South Africa	Mozambique
2021.22937	South Africa	Mozambique
2021.22937	Kenya	Czech Republic
2021.22939	Germany	Canada
2021.2294	USA	Czech Republic
2021.2304299999998	Germany	Kenya
2021.2307799999999	Mozambique	South Africa
2021.23157	USA	Canada
2021.23207	Germany	France
2021.2321	South Africa	Angola
2021.2321	Luxembourg	Belgium
2021.23211	Qatar	Philippines
2021.23211	India	South Africa
2021.23211	Netherlands	USA
2021.23246	Norway	Turkey
2021.23319	Netherlands	Belgium
2021.2333099999998	Germany	Switzerland
2021.23428	France	Belgium
2021.23469	South Africa	Botswana
2021.23482	Sweden	Finland
2021.23482	Luxembourg	Germany
2021.2348399999998	Belgium	Luxembourg
2021.2348399999998	Netherlands	Canada
2021.2348399999998	USA	Norway
2021.2348399999998	Germany	South Africa
2021.2348499999998	South Africa	Botswana
2021.2348499999998	Belgium	South Africa
2021.2348499999998	Netherlands	Norway
2021.23486	South Africa	Czech Republic
2021.23487	Philippines	United Kingdom
2021.23507	France	Kenya
2021.23515	Netherlands	Belgium
2021.23517	India	Germany
2021.2351899999999	South Africa	Belgium
2021.23756	Mozambique	South Africa
2021.23757	Mozambique	South Africa
2021.23757	Mozambique	South Africa
2021.23757	South Africa	Angola
2021.23757	France	Philippines
2021.23757	South Africa	Mozambique
2021.23757	South Africa	Portugal
2021.23757	USA	Slovakia
2021.23757	Norway	Turkey
2021.23758	USA	India
2021.23758	South Africa	Malawi
2021.23758	South Africa	USA
2021.23759	France	Germany
2021.23759	Botswana	South Africa
2021.23759	France	Philippines
2021.23759	India	USA
2021.2376	South Africa	Botswana
2021.2376	South Africa	Malawi
2021.23761	France	Luxembourg
2021.23786	Luxembourg	France
2021.23793	Mozambique	South Africa
2021.23829	Netherlands	Belgium
2021.24028	Qatar	Germany
2021.24029	Netherlands	Belgium
2021.2403	Netherlands	Kenya
2021.24031	Belgium	Netherlands
2021.24031	France	Netherlands
2021.24031	Luxembourg	Germany
2021.24031	South Africa	Mozambique
2021.2403199999999	Mozambique	South Africa
2021.2403199999999	Mozambique	South Africa
2021.2403199999999	South Africa	Mozambique
2021.2403199999999	South Africa	India
2021.2403199999999	Luxembourg	Belgium
2021.2403199999999	South Africa	Mozambique
2021.2403199999999	USA	Turkey
2021.2403299999999	South Africa	Mozambique
2021.2403299999999	France	Germany
2021.2403299999999	France	Turkey
2021.2403299999999	South Africa	Botswana
2021.2403399999998	Mozambique	South Africa
2021.2403399999998	Belgium	South Africa
2021.2403399999998	Belgium	Sweden
2021.24035	USA	Uganda
2021.24066	Austria	Slovakia
2021.2413999999999	Netherlands	Belgium
2021.2430399999998	Luxembourg	Belgium
2021.2430399999998	Turkey	India
2021.24305	Philippines	Greece
2021.24305	Zimbabwe	Angola
2021.24305	Mozambique	South Africa
2021.24305	South Africa	Mozambique
2021.24305	USA	Kenya
2021.24306	Mozambique	South Africa
2021.24306	Greece	North Macedonia
2021.24306	South Africa	Botswana
2021.24306	Austria	United Kingdom
2021.24307	Philippines	Qatar
2021.24307	France	Germany
2021.24311	France	India
2021.2434899999998	Netherlands	Sweden
2021.24435	Turkey	Indonesia
2021.2449299999998	Sweden	Croatia
2021.24522	Mozambique	South Africa
2021.24578	South Africa	Mozambique
2021.24578	South Africa	Mozambique
2021.24578	Netherlands	Belgium
2021.24579	South Africa	Mozambique
2021.24579	Qatar	South Africa
2021.24579	Germany	Switzerland
2021.24579	South Africa	Mozambique
2021.2458	Mozambique	South Africa
2021.2458	Austria	Slovakia
2021.2458	Austria	United Kingdom
2021.2458	United Kingdom	Kenya
2021.24581	South Africa	Botswana
2021.24581	Mozambique	South Africa
2021.24581	Netherlands	United Kingdom
2021.24581	Belgium	Luxembourg
2021.2458199999999	Philippines	Germany
2021.2458199999999	France	Belgium
2021.24585	Zimbabwe	South Africa
2021.2460899999999	Philippines	USA
2021.24616	South Africa	Germany
2021.24633	Djibouti	USA
2021.2485299999998	Luxembourg	Belgium
2021.2485299999998	France	Germany
2021.2485299999998	Austria	Turkey
2021.2485399999998	South Africa	Turkey
2021.2485399999998	Netherlands	India
2021.2485399999998	South Africa	Turkey
2021.2485399999998	Austria	Kenya
2021.2485399999998	Kenya	United Kingdom
2021.2485399999998	Germany	Kenya
2021.2485399999998	South Africa	Mozambique
2021.24855	South Africa	India
2021.24855	South Africa	Sweden
2021.24855	India	USA
2021.24855	Rwanda	Turkey
2021.24855	South Africa	Mozambique
2021.24856	South Africa	Turkey
2021.24857	Philippines	France
2021.24858	France	Czech Republic
2021.24923	Djibouti	United Kingdom
2021.24954	South Africa	Botswana
2021.2498899999998	South Africa	Malawi
2021.24992	United Kingdom	Japan
2021.25001	Philippines	France
2021.25002	Netherlands	Germany
2021.25126	Netherlands	USA
2021.25127	Qatar	Singapore
2021.25127	Philippines	Greece
2021.25127	Netherlands	Belgium
2021.25128	France	Germany
2021.25128	Sweden	Netherlands
2021.25128	USA	Russia
2021.25129	France	Germany
2021.25129	Kenya	Slovakia
2021.25155	Qatar	USA
2021.2515999999998	Netherlands	Belgium
2021.25173	Djibouti	Sweden
2021.2518	France	Luxembourg
2021.2518	USA	Turkey
2021.25184	Luxembourg	Belgium
2021.25192	France	Belgium
2021.2521	Philippines	United Kingdom
2021.2528399999999	Philippines	Singapore
2021.2528599999998	Bangladesh	Italy
2021.25333	France	Germany
2021.254	Netherlands	Belgium
2021.2540099999999	Kenya	Belgium
2021.2540199999999	South Africa	Botswana
2021.2540199999999	Zimbabwe	Malaysia
2021.2540199999999	USA	Norway
2021.2540199999999	Austria	United Kingdom
2021.2540199999999	Kenya	Spain
2021.2540299999998	Mozambique	South Africa
2021.2540299999998	South Africa	Botswana
2021.2540299999998	France	Germany
2021.2540299999998	South Africa	India
2021.25404	South Africa	Botswana
2021.25404	Switzerland	United Kingdom
2021.25431	India	Belgium
2021.2543799999999	France	Luxembourg
2021.2544	USA	Czech Republic
2021.2547399999999	USA	Iran
2021.25674	South Africa	Ireland
2021.25674	Netherlands	Belgium
2021.25674	South Africa	Botswana
2021.25674	Botswana	South Africa
2021.25674	Germany	France
2021.25675	Philippines	Belgium
2021.25675	South Africa	Botswana
2021.25675	United Kingdom	Germany
2021.25676	Philippines	Belgium
2021.25676	South Africa	Germany
2021.25676	Luxembourg	Belgium
2021.25676	France	Belgium
2021.25676	USA	Sweden
2021.25677	Belgium	Luxembourg
2021.25677	Poland	Germany
2021.25678	France	Luxembourg
2021.25791	United Kingdom	Pakistan
2021.25809	Djibouti	USA
2021.2594199999999	Austria	Germany
2021.25948	Netherlands	Germany
2021.25948	Luxembourg	France
2021.25948	Germany	France
2021.25949	Netherlands	Belgium
2021.25949	Luxembourg	France
2021.25949	France	Luxembourg
2021.2595	France	India
2021.2595	Bangladesh	Thailand
2021.2595	Luxembourg	France
2021.2595	Belgium	France
2021.2595	United Kingdom	USA
2021.2595099999999	Qatar	India
2021.2595099999999	France	USA
2021.2595099999999	Philippines	Qatar
2021.2595099999999	South Africa	Angola
2021.2595099999999	South Africa	Mozambique
2021.2595199999998	Turkey	USA
2021.26102	Philippines	Japan
2021.26136	Sweden	Turkey
2021.26197	Djibouti	France
2021.262	Switzerland	Spain
2021.2622099999999	Netherlands	Belgium
2021.2622299999998	Zimbabwe	Mozambique
2021.2622299999998	Germany	Luxembourg
2021.26224	Thailand	Portugal
2021.26224	Netherlands	India
2021.26224	Germany	Spain
2021.26225	Kenya	Spain
2021.26226	India	Qatar
2021.26226	South Africa	Kenya
2021.26227	Turkey	Netherlands
2021.2625799999998	Thailand	Singapore
2021.26261	South Africa	Qatar
2021.2626699999998	South Africa	Mozambique
2021.26309	France	Luxembourg
2021.2635799999998	USA	Turkey
2021.26405	Kenya	South Africa
2021.26426	South Africa	Bangladesh
2021.26467	Germany	France
2021.26494	Qatar	Philippines
2021.26497	Luxembourg	Germany
2021.26497	South Africa	Mozambique
2021.26497	Germany	Switzerland
2021.26498	South Africa	Mozambique
2021.26498	South Africa	Mozambique
2021.26498	Poland	Italy
2021.26498	South Africa	Mozambique
2021.26498	Austria	United Kingdom
2021.26498	Russia	France
2021.26498	South Africa	Malawi
2021.26498	South Africa	Mozambique
2021.26499	Qatar	Germany
2021.26499	South Africa	Botswana
2021.26499	France	Germany
2021.2649999999999	South Africa	Botswana
2021.2650199999998	Philippines	Canada
2021.26515	Malawi	Botswana
2021.2651799999999	USA	Finland
2021.26534	Luxembourg	Germany
2021.2677099999999	Kenya	India
2021.2677099999999	Uganda	Poland
2021.2677199999998	Mozambique	South Africa
2021.2677199999998	Germany	India
2021.26773	South Africa	Finland
2021.26774	Philippines	India
2021.2688799999999	Poland	Austria
2021.2696799999999	Malaysia	Thailand
2021.27027	Bangladesh	USA
2021.27044	Netherlands	Belgium
2021.27045	Qatar	Sri Lanka
2021.27045	South Africa	Angola
2021.27045	South Africa	Angola
2021.27045	Turkey	United Kingdom
2021.27045	Qatar	India
2021.27045	Belgium	Netherlands
2021.27046	South Africa	Angola
2021.27046	South Africa	Qatar
2021.27047	South Africa	Qatar
2021.27047	South Africa	Botswana
2021.27047	Mozambique	South Africa
2021.27048	Philippines	Japan
2021.27048	Botswana	Angola
2021.2704899999999	Philippines	USA
2021.27079	Belgium	Netherlands
2021.27318	Philippines	Singapore
2021.27318	Luxembourg	Germany
2021.2731899999999	Germany	Luxembourg
2021.2731999999999	Indonesia	Philippines
2021.2731999999999	South Africa	Malaysia
2021.2731999999999	Bangladesh	Singapore
2021.2731999999999	Sweden	USA
2021.2732099999998	Qatar	Philippines
2021.2732099999998	Netherlands	India
2021.27322	South Africa	Mozambique
2021.27323	France	Mozambique
2021.27386	Philippines	Netherlands
2021.27432	Angola	Portugal
2021.2759099999998	Qatar	Sri Lanka
2021.2759099999998	Qatar	Philippines
2021.2759099999998	Netherlands	Belgium
2021.27592	Netherlands	France
2021.27593	USA	India
2021.27593	South Africa	Latvia
2021.27594	Qatar	Philippines
2021.27594	France	Germany
2021.27595	Kenya	Germany
2021.27595	Germany	Poland
2021.27598	Philippines	India
2021.27623	Zimbabwe	South Africa
2021.27683	Mozambique	South Africa
2021.2769799999999	South Africa	Qatar
2021.2771699999998	Philippines	Singapore
2021.27723	Luxembourg	Germany
2021.2784199999999	Philippines	South Korea
2021.27865	Netherlands	Belgium
2021.27865	Germany	Luxembourg
2021.27866	Djibouti	Kenya
2021.27866	Japan	Kenya
2021.27866	USA	Djibouti
2021.27867	South Africa	Angola
2021.27867	South Africa	Angola
2021.27867	Netherlands	Belgium
2021.27867	France	Belgium
2021.27867	Poland	Germany
2021.27867	Djibouti	Kenya
2021.27867	Austria	USA
2021.27868	South Africa	Qatar
2021.27868	South Africa	Angola
2021.27868	South Africa	Turkey
2021.27868	Belgium	Luxembourg
2021.27868	United Kingdom	Rwanda
2021.2786899999999	Zambia	Rwanda
2021.2786899999999	France	Poland
2021.2786899999999	France	Turkey
2021.2786899999999	France	Germany
2021.2786899999999	France	Germany
2021.2786899999999	India	Singapore
2021.2786899999999	Poland	Germany
2021.2786999999998	Zambia	Kenya
2021.2786999999998	Germany	Luxembourg
2021.2787099999998	Philippines	USA
2021.27873	United Kingdom	Rwanda
2021.27972	South Africa	Germany
2021.28082	Philippines	Canada
2021.28101	India	USA
2021.2813199999998	Netherlands	Germany
2021.2813999999998	USA	Turkey
2021.2814099999998	South Africa	Germany
2021.2814099999998	USA	India
2021.2814099999998	Sweden	Turkey
2021.2814099999998	Spain	India
2021.2814099999998	Switzerland	Romania
2021.28142	Qatar	India
2021.28142	Philippines	United Kingdom
2021.28142	Sweden	Spain
2021.28143	Botswana	South Africa
2021.28143	France	Spain
2021.28143	France	Germany
2021.28143	Kenya	United Kingdom
2021.28144	Sweden	Estonia
2021.28144	Philippines	Singapore
2021.28144	Philippines	India
2021.28145	Philippines	USA
2021.2822899999999	Costa Rica	USA
2021.2829199999999	United Kingdom	India
2021.28304	France	Spain
2021.28323	South Africa	Uganda
2021.2841099999998	Qatar	Philippines
2021.28413	Qatar	Philippines
2021.28413	Botswana	South Africa
2021.28414	Belgium	Portugal
2021.28415	Belgium	Luxembourg
2021.28415	France	Luxembourg
2021.28415	United Kingdom	Germany
2021.28415	South Africa	Mozambique
2021.28416	France	India
2021.28416	Turkey	Belgium
2021.28416	Qatar	Philippines
2021.28416	France	Germany
2021.28416	Luxembourg	Belgium
2021.28416	France	Belgium
2021.28417	USA	Philippines
2021.28417	Philippines	Japan
2021.2841799999999	Bangladesh	USA
2021.2841899999999	Philippines	Germany
2021.2841999999998	Philippines	Japan
2021.28478	Philippines	USA
2021.28539	Germany	India
2021.2855299999999	Mozambique	South Africa
2021.28686	Qatar	United Kingdom
2021.2868799999999	Netherlands	Belgium
2021.2868899999999	Qatar	Sri Lanka
2021.2868899999999	Philippines	Canada
2021.2868899999999	South Africa	India
2021.28691	Austria	Poland
2021.28693	Philippines	France
2021.28694	Czech Republic	USA
2021.28809	South Africa	Russia
2021.2894	France	Belgium
2021.2895899999999	Qatar	Canada
2021.28962	Angola	Portugal
2021.28963	Philippines	Russia
2021.28963	Philippines	Netherlands
2021.28963	France	Belgium
2021.28964	Zimbabwe	South Africa
2021.28964	South Africa	Ghana
2021.28971	Turkey	Germany
2021.28992	Djibouti	France
2021.2900499999998	Austria	United Kingdom
2021.29236	Netherlands	Belgium
2021.29236	USA	Belgium
2021.29237	Djibouti	France
2021.29237	Kenya	Uganda
2021.2923799999999	South Africa	Angola
2021.2923799999999	Spain	Germany
2021.2923999999998	Sweden	Estonia
2021.2923999999998	Finland	Estonia
2021.2923999999998	South Africa	USA
2021.29242	Philippines	Singapore
2021.29261	South Africa	Germany
2021.29272	Mozambique	South Africa
2021.29309	Germany	France
2021.29459	Kenya	Spain
2021.2950799999999	Qatar	Philippines
2021.2950899999998	Qatar	Ireland
2021.2950899999998	Japan	Italy
2021.2950999999998	South Africa	Turkey
2021.2950999999998	Luxembourg	France
2021.2950999999998	Equatorial Guinea	Spain
2021.2950999999998	France	Djibouti
2021.2950999999998	Djibouti	France
2021.29511	Qatar	Philippines
2021.29511	Bangladesh	United Kingdom
2021.29511	France	Djibouti
2021.29511	South Africa	Germany
2021.29511	Germany	Kenya
2021.29512	Turkey	Switzerland
2021.29512	India	United Kingdom
2021.29512	Qatar	India
2021.29512	France	Germany
2021.29512	France	Germany
2021.29512	Kenya	Poland
2021.29513	Philippines	Singapore
2021.29513	Bangladesh	Singapore
2021.29513	Turkey	Germany
2021.29513	France	Germany
2021.29514	Germany	France
2021.29686	Germany	South Africa
2021.29784	South Africa	Mozambique
2021.29785	Zimbabwe	South Africa
2021.29785	South Africa	Malawi
2021.29785	Malawi	France
2021.29785	France	Sweden
2021.29785	France	Luxembourg
2021.29785	Belgium	Luxembourg
2021.29785	Spain	France
2021.29786	USA	Philippines
2021.29786	Zimbabwe	Turkey
2021.29786	South Africa	Turkey
2021.29786	France	Turkey
2021.29786	United Kingdom	Sweden
2021.2978699999999	South Africa	India
2021.2978699999999	Philippines	Belgium
2021.2978699999999	Pakistan	Sweden
2021.2978699999999	Germany	Luxembourg
2021.2978699999999	Germany	Turkey
2021.2978799999999	Japan	USA
2021.2978899999998	Philippines	Germany
2021.2979	Philippines	Japan
2021.29828	France	Luxembourg
2021.29866	USA	Singapore
2021.2993099999999	Malaysia	Thailand
2021.3004799999999	USA	Canada
2021.3005699999999	Netherlands	South Sudan
2021.3005899999998	Netherlands	Philippines
2021.3005899999998	South Africa	Mozambique
2021.3005899999998	Bangladesh	Singapore
2021.3005899999998	Germany	France
2021.3005899999998	France	Belgium
2021.3006	Bangladesh	India
2021.3006	Belgium	Netherlands
2021.3006	South Africa	Mozambique
2021.30061	Philippines	Germany
2021.30061	France	Spain
2021.30063	Philippines	Singapore
2021.3010199999999	USA	Sweden
2021.30144	Czech Republic	Slovakia
2021.30313	Netherlands	Germany
2021.30331	Qatar	Philippines
2021.30331	Qatar	Sweden
2021.30333	Netherlands	Belgium
2021.30333	Germany	Luxembourg
2021.30333	France	Luxembourg
2021.30333	Spain	Equatorial Guinea
2021.30334	Mozambique	South Africa
2021.30334	Malaysia	Singapore
2021.30334	South Africa	Mozambique
2021.30335	Philippines	Japan
2021.30335	Philippines	Singapore
2021.30335	Canada	Philippines
2021.30335	Canada	Philippines
2021.30335	France	Germany
2021.3033599999999	Sweden	Germany
2021.3033599999999	France	Switzerland
2021.30515	Zambia	France
2021.30542	Netherlands	Belgium
2021.30603	Qatar	India
2021.30606	Philippines	Singapore
2021.30606	South Africa	Finland
2021.30606	South Africa	Mozambique
2021.30606	Djibouti	USA
2021.30606	Djibouti	Spain
2021.30606	Netherlands	USA
2021.3060699999999	Sweden	Spain
2021.3060799999998	France	Uganda
2021.3060799999998	Belgium	Netherlands
2021.3060799999998	Kenya	United Kingdom
2021.3061	South Africa	Portugal
2021.30648	Philippines	Japan
2021.3081	South Africa	Botswana
2021.3085999999998	South Africa	Portugal
2021.3087799999998	Qatar	India
2021.30881	Turkey	Belgium
2021.30882	Pakistan	USA
2021.30883	Zimbabwe	South Africa
2021.30883	Germany	USA
2021.3088599999999	Philippines	Japan
2021.3102999999999	Philippines	Canada
2021.31152	Qatar	Philippines
2021.31152	Qatar	Canada
2021.3115599999999	Philippines	Japan
2021.3115599999999	USA	Switzerland
2021.3115599999999	France	Belgium
2021.3115599999999	India	Ireland
2021.3115699999998	Philippines	Canada
2021.31189	Luxembourg	Germany
2021.3119299999998	Germany	France
2021.31208	Pakistan	USA
2021.31215	Mozambique	South Africa
2021.3142699999999	Spain	Brazil
2021.3142799999998	Turkey	USA
2021.3142799999998	USA	Denmark
2021.31429	France	Spain
2021.3143	France	Japan
2021.3143	Zimbabwe	Malaysia
2021.31432	Philippines	Hong Kong
2021.31432	Philippines	USA
2021.31432	Spain	Germany
2021.31433	South Africa	Qatar
2021.31433	Philippines	USA
2021.31433	Philippines	USA
2021.31461	Djibouti	Germany
2021.3160799999998	Mozambique	South Africa
2021.317	Mexico	USA
2021.31701	Germany	Norway
2021.31702	South Africa	Germany
2021.31702	USA	Chile
2021.31703	Bangladesh	Singapore
2021.31703	France	United Kingdom
2021.31703	France	Portugal
2021.31704	South Africa	Kenya
2021.31704	Kenya	India
2021.3170499999999	Qatar	Sweden
2021.3170499999999	Sweden	Spain
2021.3170499999999	Spain	Sweden
2021.3170499999999	Sweden	Norway
2021.3170499999999	France	Germany
2021.3170599999999	France	Germany
2021.31857	Bangladesh	Canada
2021.3197499999999	Zimbabwe	United Kingdom
2021.3197499999999	Netherlands	Belgium
2021.3197699999998	South Africa	USA
2021.3197699999998	Belgium	Luxembourg
2021.3197699999998	France	Belgium
2021.3197699999998	South Africa	Austria
2021.31978	Philippines	Canada
2021.31978	Angola	South Africa
2021.31978	USA	Mexico
2021.31978	South Africa	Kenya
2021.31979	Zambia	France
2021.31979	Philippines	Hong Kong
2021.31981	Kenya	Turkey
2021.32026	Philippines	USA
2021.32179	Philippines	Spain
2021.32249	France	Djibouti
2021.3225	South Africa	Angola
2021.3225	USA	Sweden
2021.32251	South Africa	USA
2021.32251	Slovenia	Switzerland
2021.32251	Equatorial Guinea	Spain
2021.32251	South Africa	Kenya
2021.32252	India	Singapore
2021.32252	India	Ghana
2021.32253	South Africa	France
2021.32253	South Africa	Angola
2021.32254	Sweden	Norway
2021.32254	Philippines	Japan
2021.32254	Rwanda	India
2021.3225599999998	Philippines	Austria
2021.32341	Netherlands	Belgium
2021.32522	Netherlands	Germany
2021.32524	South Africa	Angola
2021.32524	South Africa	Spain
2021.32524	South Africa	Qatar
2021.3252499999999	France	Belgium
2021.3252599999998	Philippines	United Kingdom
2021.3252599999998	United Kingdom	Pakistan
2021.3252599999998	Pakistan	South Korea
2021.3252699999998	Finland	Estonia
2021.3252699999998	South Africa	Germany
2021.32529	Philippines	Japan
2021.32529	Philippines	Bahrain
2021.32548	South Africa	United Kingdom
2021.32557	Germany	USA
2021.32559	USA	Canada
2021.32568	Malaysia	Singapore
2021.32691	Philippines	Japan
2021.32789	Djibouti	France
2021.3279699999998	Costa Rica	USA
2021.32798	Germany	Luxembourg
2021.32798	USA	Italy
2021.32798	USA	Chile
2021.32799	United Kingdom	USA
2021.32799	Turkey	India
2021.32799	Canada	USA
2021.32799	Bangladesh	USA
2021.328	Turkey	Singapore
2021.328	United Kingdom	Switzerland
2021.32802	Bangladesh	Bahrain
2021.32802	Bangladesh	Bahrain
2021.3290399999998	Poland	Belgium
2021.3296799999998	India	Germany
2021.3303899999999	South Africa	Kenya
2021.33072	Sweden	Spain
2021.33073	India	France
2021.3307399999999	Philippines	Japan
2021.3307399999999	India	Qatar
2021.3307499999999	Sweden	Norway
2021.33115	Czech Republic	Slovakia
2021.3327199999999	USA	Mexico
2021.3334499999999	USA	Germany
2021.3334599999998	France	Spain
2021.3334599999998	Czech Republic	Slovakia
2021.33347	South Africa	Angola
2021.33347	South Africa	Angola
2021.33347	France	Italy
2021.33347	Luxembourg	France
2021.33347	France	Germany
2021.33347	Poland	Germany
2021.33347	Sweden	Germany
2021.33347	Spain	Switzerland
2021.33348	South Africa	United Kingdom
2021.33348	Philippines	Angola
2021.33348	South Africa	Kenya
2021.33348	Israel	Germany
2021.33348	Kenya	Russia
2021.33349	Philippines	Singapore
2021.33349	Malawi	South Africa
2021.3335	Philippines	USA
2021.3335	Bangladesh	Philippines
2021.3335	Austria	Russia
2021.33415	Germany	USA
2021.3344499999998	United Kingdom	Bangladesh
2021.3355199999999	France	USA
2021.33619	Qatar	India
2021.3362	Luxembourg	France
2021.3362	Luxembourg	France
2021.3362	Luxembourg	France
2021.3362	Czech Republic	Slovakia
2021.3362	Djibouti	Japan
2021.3362	South Africa	USA
2021.33621	Philippines	Singapore
2021.33621	France	Spain
2021.33621	South Africa	Mozambique
2021.33621	France	Italy
2021.33621	Botswana	Ghana
2021.33622	Poland	Germany
2021.33622	France	Germany
2021.33622	Russia	France
2021.33622	South Africa	Mozambique
2021.33623	Canada	Philippines
2021.33623	Belgium	Rwanda
2021.3362399999999	South Africa	Qatar
2021.3362399999999	France	Luxembourg
2021.3362399999999	Turkey	Kenya
2021.3383999999999	Netherlands	Germany
2021.33866	Netherlands	Germany
2021.33892	Germany	France
2021.33892	France	Spain
2021.33893	USA	Germany
2021.3389399999999	Turkey	USA
2021.3389499999998	France	India
2021.3389499999998	France	USA
2021.3389499999998	Kenya	Mozambique
2021.33897	Sweden	Poland
2021.33897	France	Spain
2021.33897	India	Ghana
2021.33897	Kenya	Angola
2021.33898	Philippines	South Korea
2021.3393199999998	South Africa	Angola
2021.3416499999998	Qatar	India
2021.34167	Kenya	Sweden
2021.34168	USA	Netherlands
2021.34169	South Africa	Spain
2021.34169	Malaysia	Singapore
2021.3417	Portugal	Angola
2021.34171	Philippines	South Korea
2021.34171	Philippines	Saudi Arabia
2021.34171	Philippines	South Korea
2021.34172	Philippines	Singapore
2021.34172	Philippines	Singapore
2021.3417299999999	Germany	Spain
2021.3417399999998	Zimbabwe	Angola
2021.3420899999999	South Africa	Angola
2021.3427299999998	USA	Luxembourg
2021.34293	France	Democratic Republic of the Congo
2021.34442	India	Belgium
2021.34442	Bangladesh	Germany
2021.3444299999999	South Africa	USA
2021.3444299999999	South Africa	Mozambique
2021.3444299999999	South Africa	Netherlands
2021.3444499999998	Portugal	Angola
2021.3444499999998	Philippines	Canada
2021.3444499999998	Germany	Jordan
2021.3444499999998	South Africa	Mozambique
2021.34603	Belgium	Spain
2021.3471499999998	Costa Rica	USA
2021.3471499999998	Kenya	Singapore
2021.34716	South Africa	USA
2021.34716	USA	Canada
2021.34716	Netherlands	USA
2021.34717	South Africa	Angola
2021.34717	Pakistan	USA
2021.34717	Bangladesh	Singapore
2021.34717	Luxembourg	Germany
2021.34719	Philippines	South Korea
2021.34719	India	Singapore
2021.3472	Philippines	USA
2021.3472	Philippines	Hong Kong
2021.3472199999999	Philippines	Japan
2021.3473999999999	Belgium	Netherlands
2021.34854	USA	Canada
2021.34963	India	Singapore
2021.3496599999999	France	Luxembourg
2021.34987	South Africa	Botswana
2021.34989	France	Switzerland
2021.34991	United Kingdom	Jordan
2021.34991	Belgium	South Africa
2021.34991	South Africa	Mozambique
2021.3499199999999	Mozambique	South Africa
2021.3499199999999	India	Singapore
2021.3499299999999	Philippines	United Kingdom
2021.3499399999998	Spain	Russia
2021.34995	France	Switzerland
2021.35214	France	Russia
2021.35262	France	Italy
2021.3526399999998	Qatar	Japan
2021.3526399999998	France	Belgium
2021.3526399999998	Equatorial Guinea	Spain
2021.3526399999998	South Africa	India
2021.35265	South Africa	Angola
2021.35265	South Africa	Angola
2021.35265	South Africa	Angola
2021.35265	South Africa	Switzerland
2021.35266	USA	Guatemala
2021.35266	Malaysia	Slovakia
2021.35266	Slovakia	Czech Republic
2021.35266	Malaysia	Singapore
2021.35266	France	Belgium
2021.35286	Germany	Belgium
2021.3552399999999	USA	Canada
2021.35538	South Africa	Mozambique
2021.35538	Sweden	United Kingdom
2021.35539	Botswana	Qatar
2021.3554	South Africa	Mozambique
2021.35541	Spain	USA
2021.35541	South Africa	Mozambique
2021.35541	Portugal	Mozambique
2021.3554299999998	Philippines	Japan
2021.35572	Luxembourg	France
2021.35573	Slovakia	Czech Republic
2021.35574	Botswana	Qatar
2021.35639	Malaysia	Thailand
2021.3567899999998	Mozambique	South Africa
2021.35756	Zambia	South Africa
2021.35811	Mozambique	South Africa
2021.3581299999998	USA	South Africa
2021.3581299999998	South Africa	France
2021.3581299999998	Switzerland	Estonia
2021.3581399999998	Sweden	Croatia
2021.35815	South Africa	Qatar
2021.35817	Philippines	Ghana
2021.35936	France	Switzerland
2021.36085	Djibouti	France
2021.36086	Germany	France
2021.36087	Philippines	USA
2021.36087	Equatorial Guinea	France
2021.36088	Singapore	Malaysia
2021.36088	South Africa	Mozambique
2021.36089	South Africa	Qatar
2021.36089	Botswana	Qatar
2021.36089	Philippines	USA
2021.3609199999999	Turkey	Pakistan
2021.3630699999999	South Africa	Botswana
2021.3636	Germany	Czech Republic
2021.3636099999999	USA	Spain
2021.3636099999999	Belgium	Netherlands
2021.36364	Philippines	Qatar
2021.36365	Bangladesh	Romania
2021.36366	Philippines	Belgium
2021.3663199999999	France	Belgium
2021.3663299999998	Botswana	South Africa
2021.36636	India	Germany
2021.36636	Spain	Argentina
2021.36636	Austria	Poland
2021.36637	Zambia	Tunisia
2021.36638	Botswana	South Africa
2021.36663	United Kingdom	Germany
2021.36716	Netherlands	Austria
2021.36908	Philippines	Qatar
2021.36909	France	Switzerland
2021.3691	Philippines	Canada
2021.3691099999999	Philippines	Hong Kong
2021.3691199999998	Bangladesh	Portugal
2021.36914	Philippines	USA
2021.36998	South Africa	Botswana
2021.3718099999999	Germany	France
2021.3718199999998	France	Luxembourg
2021.3718199999998	USA	Germany
2021.3718299999998	Japan	Zambia
2021.3718299999998	South Africa	India
2021.3718299999998	Netherlands	Japan
2021.3718299999998	Botswana	Qatar
2021.3718299999998	Luxembourg	France
2021.3718299999998	Kenya	Spain
2021.37184	Pakistan	India
2021.37184	France	Germany
2021.37184	South Africa	USA
2021.37185	South Africa	Italy
2021.37455	Djibouti	United Arab Emirates
2021.37455	South Africa	Portugal
2021.37456	Netherlands	United Kingdom
2021.37456	Germany	France
2021.37456	South Africa	Netherlands
2021.37457	South Africa	Germany
2021.37457	Botswana	South Africa
2021.37457	USA	France
2021.37458	South Africa	Kenya
2021.37459	South Africa	Zambia
2021.37459	Germany	USA
2021.3746099999998	Philippines	Japan
2021.37567	Pakistan	Germany
2021.3759499999999	Germany	Thailand
2021.3772999999999	Qatar	France
2021.37733	Malawi	Zambia
2021.37735	Philippines	USA
2021.3777499999999	Qatar	Botswana
2021.37799	Philippines	Indonesia
2021.3798199999999	France	Romania
2021.38005	USA	Netherlands
2021.38005	United Kingdom	Canada
2021.38005	Kenya	Germany
2021.38006	South Africa	France
2021.38007	Bangladesh	Greece
2021.38044	Rwanda	Canada
2021.38114	France	Germany
2021.38278	Qatar	Indonesia
2021.38278	South Africa	Spain
2021.3827999999999	India	Philippines
2021.38282	Germany	Slovakia
2021.38552	France	Germany
2021.38553	United Kingdom	Pakistan
2021.38553	South Africa	Germany
2021.38554	Singapore	USA
2021.38555	Philippines	Canada
2021.3858799999998	Qatar	Czech Republic
2021.38828	India	United Kingdom
2021.3882899999999	Bangladesh	USA
2021.3882899999999	USA	Japan
2021.3909999999998	Pakistan	USA
2021.3910099999998	Slovenia	Germany
2021.3910099999998	France	Switzerland
2021.3910099999998	Luxembourg	Germany
2021.39102	Malaysia	Thailand
2021.39103	Botswana	South Africa
2021.39104	Philippines	India
2021.39104	Qatar	Switzerland
2021.39104	Mozambique	South Africa
2021.39104	Turkey	Kenya
2021.39169	Pakistan	United Kingdom
2021.39194	Luxembourg	Germany
2021.3919899999999	South Africa	Botswana
2021.39373	France	Belgium
2021.39374	Philippines	USA
2021.39374	Malaysia	Indonesia
2021.39374	South Africa	Malawi
2021.39374	France	Spain
2021.39374	South Africa	USA
2021.39376	Japan	France
2021.39377	South Africa	Qatar
2021.39377	Philippines	Singapore
2021.3937799999999	Philippines	Singapore
2021.39647	Qatar	Germany
2021.39647	Netherlands	Germany
2021.39647	South Africa	Austria
2021.39647	Austria	Germany
2021.3964799999999	France	United Kingdom
2021.3964799999999	South Africa	USA
2021.3964899999999	Malaysia	Indonesia
2021.3964899999999	France	Germany
2021.3964999999998	France	Germany
2021.3964999999998	France	Germany
2021.3964999999998	France	Germany
2021.3964999999998	France	Spain
2021.39652	Philippines	Canada
2021.39652	Philippines	Singapore
2021.3967699999998	United Kingdom	USA
2021.3979	South Africa	USA
2021.39921	Sweden	USA
2021.39922	Netherlands	Germany
2021.39923	France	India
2021.39924	Malaysia	Indonesia
2021.39925	Mozambique	South Africa
2021.4018899999999	Switzerland	Italy
2021.40196	Pakistan	South Korea
2021.40196	France	USA
2021.40196	South Africa	Spain
2021.4019899999998	Angola	South Africa
2021.4046799999999	Djibouti	USA
2021.40471	India	Germany
2021.40471	USA	Indonesia
2021.40473	Belgium	France
2021.40741	France	Spain
2021.40744	Botswana	South Africa
2021.40745	Philippines	Japan
2021.40745	Malaysia	Singapore
2021.41015	Qatar	India
2021.4101799999999	South Africa	Italy
2021.4101899999998	Angola	South Africa
2021.4101899999998	Luxembourg	France
2021.4101899999998	Sweden	United Kingdom
2021.41021	Philippines	Qatar
2021.4128899999998	Luxembourg	France
2021.41292	Luxembourg	Belgium
2021.41292	South Africa	Belgium
2021.41293	Philippines	Singapore
2021.41293	Pakistan	Sweden
2021.41294	Malaysia	Thailand
2021.41294	USA	United Kingdom
2021.41565	France	Switzerland
2021.41565	Turkey	Germany
2021.41566	Pakistan	USA
2021.4156699999999	Mozambique	South Africa
2021.4156699999999	South Korea	USA
2021.4156699999999	USA	Mexico
2021.4156799999998	Bangladesh	Italy
2021.4184	South Africa	Netherlands
2021.41841	South Africa	Kenya
2021.41843	Philippines	USA
2021.41844	Philippines	Italy
2021.42115	India	Democratic Republic of the Congo
2021.4211599999999	Japan	USA
2021.4211599999999	France	Germany
2021.4211599999999	France	Democratic Republic of the Congo
2021.4211599999999	South Africa	Switzerland
2021.4211799999998	Philippines	Singapore
2021.4238699999999	India	USA
2021.4238799999998	USA	Pakistan
2021.4238799999998	South Africa	Israel
2021.4238799999998	South Africa	Germany
2021.42391	South Africa	Germany
2021.42391	South Africa	Germany
2021.42426	South Africa	Germany
2021.42662	United Kingdom	Pakistan
2021.42662	South Africa	Germany
2021.4293499999999	South Africa	Kenya
2021.4293499999999	Turkey	USA
2021.4293599999999	South Africa	United Kingdom
2021.4293599999999	Turkey	Germany
2021.4293699999998	South Africa	Austria
2021.4293699999998	USA	India
2021.42938	South Africa	Botswana
2021.42939	Philippines	Japan
2021.42939	Austria	Kenya
2021.43209	Austria	Germany
2021.4321	Bangladesh	Italy
2021.4321	France	Italy
2021.43211	South Africa	Botswana
2021.43213	Spain	USA
2021.43214	Philippines	Canada
2021.43263	Germany	South Africa
2021.43483	South Africa	Qatar
2021.43484	India	Germany
2021.4348499999999	Malaysia	Japan
2021.4348499999999	Malaysia	Singapore
2021.4348499999999	Botswana	South Africa
2021.4348499999999	South Africa	Botswana
2021.4348499999999	South Africa	Germany
2021.4348599999998	Malaysia	Germany
2021.4348699999998	Spain	USA
2021.43488	Philippines	USA
2021.4363999999998	Philippines	Singapore
2021.43758	France	United Kingdom
2021.43758	Switzerland	Italy
2021.4376	Philippines	Malaysia
2021.43797	Sweden	Burundi
2021.4398899999999	France	Spain
2021.44029	Qatar	USA
2021.44032	South Africa	Botswana
2021.44032	Zambia	South Africa
2021.44033	South Africa	France
2021.44033	Germany	Spain
2021.44033	South Africa	Botswana
2021.44033	South Africa	Botswana
2021.4403399999999	Philippines	Japan
2021.4430399999999	South Africa	Japan
2021.4430599999998	USA	Chile
2021.44307	France	Italy
2021.44309	South Africa	Botswana
2021.4445899999998	Malaysia	Indonesia
2021.44581	Thailand	Georgia
2021.44775	South Africa	Uganda
2021.44853	South Africa	Germany
2021.4485399999999	France	Pakistan
2021.4485499999998	Malaysia	Germany
2021.4485499999998	Kenya	Belgium
2021.44858	Philippines	United Kingdom
2021.4508799999999	Botswana	South Africa
2021.4510799999998	France	Spain
2021.45127	Turkey	Germany
2021.45129	Zambia	Belgium
2021.45129	France	Democratic Republic of the Congo
2021.4513	Germany	France
2021.45131	Philippines	Pakistan
2021.4525899999999	South Africa	USA
2021.45402	Botswana	South Africa
2021.45402	South Africa	Netherlands
2021.4540299999999	France	Spain
2021.4549399999999	South Africa	Spain
2021.45676	France	South Africa
2021.45678	United Kingdom	Kenya
2021.45678	Turkey	Kenya
2021.45679	Spain	Germany
2021.45681	Philippines	Japan
2021.45949	France	India
2021.4595	South Africa	Sweden
2021.45951	Philippines	South Africa
2021.46221	Spain	France
2021.4622399999998	France	Germany
2021.46499	Philippines	Canada
2021.46499	Kenya	Burundi
2021.4677	South Africa	Botswana
2021.4677199999999	Philippines	Qatar
2021.4677199999999	Chile	Germany
2021.4677299999998	South Africa	Botswana
2021.4677299999998	South Africa	Germany
2021.4677299999998	Malaysia	Germany
2021.4677399999998	France	Austria
2021.4677399999998	Germany	Kenya
2021.46775	Botswana	South Africa
2021.47045	South Africa	Botswana
2021.47045	South Africa	Botswana
2021.47046	United Kingdom	Pakistan
2021.47046	South Korea	Pakistan
2021.47046	France	Belgium
2021.47047	India	Pakistan
2021.47047	South Africa	Botswana
2021.47048	Pakistan	Italy
2021.47048	Malawi	South Africa
2021.47048	France	South Africa
2021.47049	Philippines	Japan
2021.47049	Philippines	Japan
2021.47149	Germany	Turkey
2021.4732	South Africa	Botswana
2021.4732099999999	South Africa	Pakistan
2021.4732099999999	Pakistan	USA
2021.4732099999999	Mozambique	South Africa
2021.47594	South Africa	Botswana
2021.47595	South Africa	Turkey
2021.47595	South Africa	Botswana
2021.47868	South Africa	USA
2021.4787	Philippines	USA
2021.4787	Germany	South Africa
2021.47901	South Africa	Botswana
2021.4814199999998	South Africa	Botswana
2021.4814199999998	South Africa	Botswana
2021.4814299999998	South Africa	Botswana
2021.4814299999998	Pakistan	Japan
2021.4814299999998	France	Belgium
2021.4814299999998	Belgium	Botswana
2021.48688	USA	Turkey
2021.48689	France	Belgium
2021.48689	South Africa	Botswana
2021.4868999999999	Philippines	United Kingdom
2021.4869099999999	Pakistan	United Kingdom
2021.48965	Germany	Spain
2021.49044	Portugal	Spain
2021.49237	South Africa	Germany
2021.49238	France	Spain
2021.4950999999999	France	Russia
2021.4951099999998	Rwanda	United Kingdom
2021.4951199999998	Singapore	Malaysia
2021.49786	South Africa	Botswana
2021.49787	South Africa	Botswana
2021.49787	South Africa	Botswana
2021.49948	Spain	France
2021.5005999999998	France	Germany
2021.5006099999998	Mozambique	South Africa
2021.50333	South Africa	Japan
2021.50333	South Africa	Botswana
2021.50335	South Africa	Botswana
2021.50337	Spain	Switzerland
2021.5060799999999	France	Switzerland
2021.50882	Germany	USA
2021.50885	Philippines	Japan
2021.51154	South Africa	Botswana
2021.51155	Spain	France
2021.51155	USA	Turkey
2021.51156	France	Turkey
2021.51156	Sweden	Turkey
2021.51157	South Africa	Germany
2021.51432	France	South Africa
2021.51703	South Korea	Pakistan
2021.51705	Luxembourg	Turkey
2021.5224799999999	Malawi	Botswana
2021.52251	South Africa	Democratic Republic of the Congo
2021.52251	South Africa	France
2021.5279899999998	South Africa	France
2021.5279899999998	USA	Turkey
2021.52802	Philippines	Japan
2021.53073	France	Belgium
2021.5307599999999	Spain	Chile
2021.5335	Philippines	USA
2021.53601	Pakistan	United Kingdom
2021.5362	South Africa	Botswana
2021.53622	South Africa	Botswana
2021.5389499999999	South Africa	Botswana
2021.5389499999999	France	Portugal
2021.5389599999999	South Africa	Botswana
2021.5389599999999	United Kingdom	Germany
2021.54169	Mozambique	Thailand
2021.5417	Philippines	Japan
2021.5417	United Kingdom	Japan
2021.54171	Mozambique	South Africa
2021.54441	South Africa	Botswana
2021.5444699999998	Philippines	USA
2021.5526599999998	South Africa	USA
2021.55269	Philippines	Japan
2021.55537	Singapore	USA
2021.55538	South Africa	Botswana
2021.5554	Slovakia	Malaysia
2021.55541	South Africa	USA
2021.5581399999999	Philippines	South Korea
2021.57185	Philippines	Japan
2021.5746	Philippines	South Korea
2021.57731	Philippines	Japan
2021.5855099999999	Spain	Italy
2021.5910199999998	Philippines	South Korea
2021.60469	Japan	Spain
2021.60747	Philippines	Japan